INSERT INTO PRO_PRODUTO (PRO_ID, PRO_DAT_CADASTRO, PRO_DESCRICAO, PRO_NOME, PRO_TAMANHO, PRO_PRECO)  VALUES ( 1, '2020-10-10', 'descrição produto 1' ,'Produto 1','PP',100.00 );
INSERT INTO PRO_PRODUTO (PRO_ID, PRO_DAT_CADASTRO, PRO_DESCRICAO, PRO_NOME, PRO_TAMANHO, PRO_PRECO)  VALUES ( 2, '2015-10-10', 'descrição produto 2' ,'Produto 2','M',80.00 );
INSERT INTO PRO_PRODUTO (PRO_ID, PRO_DAT_CADASTRO, PRO_DESCRICAO, PRO_NOME, PRO_TAMANHO, PRO_PRECO)  VALUES ( 3, '2020-10-10', 'descrição produto 3' ,'Produto 3','GG',30.00 );
INSERT INTO PRO_PRODUTO (PRO_ID, PRO_DAT_CADASTRO, PRO_DESCRICAO, PRO_NOME, PRO_TAMANHO, PRO_PRECO)  VALUES ( 4, '2021-10-10', 'descrição produto 4' ,'Produto 4','P',100.50 );
INSERT INTO PRO_PRODUTO (PRO_ID, PRO_DAT_CADASTRO, PRO_DESCRICAO, PRO_NOME, PRO_TAMANHO, PRO_PRECO)  VALUES ( 5, '2018-10-10', 'descrição produto 5' ,'Produto 5','P',200.00 );

INSERT INTO USU_USUARIO (USU_ID, USU_DAT_CADASTRO, USU_NOME, USU_PERFIL)  VALUES ( 1, '2018-10-10', 'Usuário admnistrador' ,'ADMINISTRADOR');
INSERT INTO USU_USUARIO (USU_ID, USU_DAT_CADASTRO, USU_NOME, USU_PERFIL)  VALUES ( 2, '2020-10-10', 'Usuário vendedor 1' ,'VENDEDOR');
INSERT INTO USU_USUARIO (USU_ID, USU_DAT_CADASTRO, USU_NOME, USU_PERFIL)  VALUES ( 3, '2018-12-10', 'Usuário vendedor 2' ,'VENDEDOR');
INSERT INTO USU_USUARIO (USU_ID, USU_DAT_CADASTRO, USU_NOME, USU_PERFIL)  VALUES ( 4, '2018-10-10', 'Usuário vendedor 3' ,'VENDEDOR');


INSERT INTO CLI_CLIENTE (CLI_ID, CLI_CEP, CLI_CIDADE, CLI_DAT_CADASTRO, CLI_ENDERECO, CLI_NOME, CLI_TELEFONE, USU_ID)  VALUES ( 1, '61916190', 'Maracanau','2020-10-04', 'Rua 04 numero 262 Jari', 'Cliente 1', '85999663245', 4);
INSERT INTO CLI_CLIENTE (CLI_ID, CLI_CEP, CLI_CIDADE, CLI_DAT_CADASTRO, CLI_ENDERECO, CLI_NOME, CLI_TELEFONE, USU_ID)  VALUES ( 2, '60000000', 'Fortaleza','2020-10-04', 'Rua 7 numero 34 aldeota', 'Cliente 2', '85875934875', 2);
INSERT INTO CLI_CLIENTE (CLI_ID, CLI_CEP, CLI_CIDADE, CLI_DAT_CADASTRO, CLI_ENDERECO, CLI_NOME, CLI_TELEFONE, USU_ID)  VALUES ( 3, '68754987', 'Eusebio','2020-10-04', 'Rua x numero 1020 Maraponga', 'Cliente 3', '8889753948', 3);
INSERT INTO CLI_CLIENTE (CLI_ID, CLI_CEP, CLI_CIDADE, CLI_DAT_CADASTRO, CLI_ENDERECO, CLI_NOME, CLI_TELEFONE, USU_ID)  VALUES ( 4, '61954545', 'Caucaia','2020-10-04', 'Rua y numero 12262 metropole', 'Cliente 4', '8831315090', 1);

INSERT INTO PED_PEDIDO (PED_ID, PED_DAT_VENDA, PED_FORMA_PAGAMENTO, PED_STATUS_VENDA, PED_VALOR_TOTAL, CLI_ID, USU_ID)  VALUES ( 1, '2020-10-04','CARTAO_CREDITO', 'FINALIZADO', 400.00, 1, 3);
INSERT INTO PED_PEDIDO (PED_ID, PED_DAT_VENDA, PED_FORMA_PAGAMENTO, PED_STATUS_VENDA, PED_VALOR_TOTAL, CLI_ID, USU_ID)  VALUES ( 2, '2020-10-04','CARTAO_DEBITO','PENDENTE', 500.00, 2, 4);
INSERT INTO PED_PEDIDO (PED_ID, PED_DAT_VENDA, PED_FORMA_PAGAMENTO, PED_STATUS_VENDA, PED_VALOR_TOTAL, CLI_ID, USU_ID)  VALUES ( 3, '2020-10-04','DINHEIRO','CANCELADO', 200.00, 4, 2);
INSERT INTO PED_PEDIDO (PED_ID, PED_DAT_VENDA, PED_FORMA_PAGAMENTO, PED_STATUS_VENDA, PED_VALOR_TOTAL, CLI_ID, USU_ID)  VALUES ( 4, '2020-10-04','PIX', 'FINALIZADO', 50.00, 3, 1);


INSERT INTO ITP_ITEM_PEDIDO (ITP_ID, ITP_PRECO_UNITARIO, ITP_QUANTIDADE, PED_ID, PRO_ID) VALUES (1, 200, 5, 1, 2);
INSERT INTO ITP_ITEM_PEDIDO (ITP_ID, ITP_PRECO_UNITARIO, ITP_QUANTIDADE, PED_ID, PRO_ID) VALUES (2, 50, 2, 1, 2);
INSERT INTO ITP_ITEM_PEDIDO (ITP_ID, ITP_PRECO_UNITARIO, ITP_QUANTIDADE, PED_ID, PRO_ID) VALUES (3, 20, 10, 2, 3);
INSERT INTO ITP_ITEM_PEDIDO (ITP_ID, ITP_PRECO_UNITARIO, ITP_QUANTIDADE, PED_ID, PRO_ID) VALUES (4, 2, 20, 2, 4);
